{
  "version": 1,
  "zoom": 1.0821448917572503,
  "pan": {
    "x": -1162.0320743074785,
    "y": 134.23764802544048
  },
  "nodes": {
    "6e6cf2ec-8937-4339-866e-a2a895f9a9eb": {
      "x": 1372.9884782451736,
      "y": -38.43211576229433
    },
    "a9378f20-f096-4f3a-ad1c-79dd8cd44245": {
      "x": 1453.7867344699323,
      "y": -36.06292677998255
    },
    "7741b233-c723-44e0-b7dc-285962e2a21b": {
      "x": 1527.2768564158725,
      "y": -33.151568112187384
    },
    "28f6da33-1f02-44d0-a1d2-ba544b08e84a": {
      "x": 1605.9926417642728,
      "y": -34.22618038857303
    },
    "d9f9f1fc-8818-4e7f-be08-7db4ba55c9af": {
      "x": 1686.5501846778634,
      "y": -32.891273152028006
    },
    "abcde33b-69ac-49e8-b564-a245844bf6ba": {
      "x": 1771.8301946082622,
      "y": -33.785695816763365
    },
    "35ecbc3c-87ea-460f-8154-15a9eebd27e9": {
      "x": 1849.0636115350765,
      "y": -35.34941882898108
    },
    "b709ca03-aba6-4e4b-b620-bcfa0d038a95": {
      "x": 1936.448908134769,
      "y": -33.50184514707882
    },
    "cf55c3a0-7b5c-4707-9604-cdd90ce2c7c3": {
      "x": 2015.4895381801375,
      "y": -36.57910207223144
    },
    "f582f8c7-d401-4939-8c87-9b022979b64f": {
      "x": 2093.133107562919,
      "y": -36.79518942887171
    },
    "ad7816f2-6b8c-4e4a-9103-f902d86cc525": {
      "x": 2169.941567503854,
      "y": -38.249722228951896
    },
    "cb17d1d5-6559-4975-819b-f49cba0f2db8": {
      "x": 2243.742448029022,
      "y": -38.4788820393384
    },
    "07bb2ed4-9ff8-447c-a091-13c10db1ae7d": {
      "x": 2314.380052353522,
      "y": -42.07490795935244
    },
    "0a6e7e71-5987-449c-ad26-f3260d93100e": {
      "x": 1372.9305986079921,
      "y": 44.50673899604315
    },
    "fbd574a7-e835-4121-ac1d-47b050ac2d02": {
      "x": 1451.3741117589705,
      "y": 44.19371591735306
    },
    "cd652924-6c9c-4fc3-8195-c1471ef65825": {
      "x": 1526.410659068373,
      "y": 44.072855693839564
    },
    "84060d2f-05e3-4b58-b634-9e474a95517b": {
      "x": 1604.2863309860793,
      "y": 44.06158488182629
    },
    "feaefc4d-62ea-4c63-b5f1-974534c03c6b": {
      "x": 1685.2190248536235,
      "y": 45.131106637922734
    },
    "80d0acb1-c11e-4d7c-a2e6-10cfac8733e4": {
      "x": 1767.7022771323002,
      "y": 44.25284251371139
    },
    "0cc6579b-af82-4084-8c68-463719efd4ba": {
      "x": 1849.3065627918677,
      "y": 43.33537111881555
    },
    "6a965a16-484c-4245-9928-0294e73ba3f4": {
      "x": 1935.0481408492315,
      "y": 46.33682459243584
    },
    "0cd42b43-d04f-41c7-afa2-63e9d66c62a9": {
      "x": 2015.557658109268,
      "y": 43.27592899958569
    },
    "af753653-ea8d-4035-a73f-c78e2172a716": {
      "x": 2094.197390790419,
      "y": 43.14474459605817
    },
    "8a60ec6e-0c84-42cd-83a9-55c1c2bcf5b8": {
      "x": 2171.621427956662,
      "y": 42.15189499305947
    },
    "6382d234-b257-4429-9308-02304e54600c": {
      "x": 2246.6096088147965,
      "y": 41.049824916465404
    },
    "d0c06cba-0895-418c-a30a-6c3db8161719": {
      "x": 2318.322639645174,
      "y": 40.81903656083367
    },
    "e92bd147-8ebc-48c7-b867-d838db25c3ef": {
      "x": 1849.4481599864987,
      "y": 149.85963388177376
    },
    "661b896e-c852-462d-beee-7643a9147543": {
      "x": 2090.180837735018,
      "y": 155.02349824696572
    },
    "979ea3f0-26b4-45ee-982e-60741b323359": {
      "x": 1378.924375214129,
      "y": 327.47874932447144
    },
    "6111949c-2d28-4bed-8fb7-490477a2500b": {
      "x": 1735.8285793544467,
      "y": 317.1478209888062
    },
    "5aaae21f-5c4d-4e83-b08e-9f45d8350c91": {
      "x": 2142.972229189845,
      "y": 317.06384839290064
    },
    "389debfe-7989-4887-b17c-f2f44606cb78": {
      "x": 2318.9960445322995,
      "y": 317.43274528703563
    },
    "a0014ae4-9d21-4f85-a144-4856af240c2a": {
      "x": 1378.337482141189,
      "y": 462.43082864500354
    },
    "25a44db0-416e-440c-98d3-a0de3ee2cfeb": {
      "x": 1492.7833925750535,
      "y": 459.18929543149136
    },
    "2fb6ddca-e18d-4a1e-ab38-3ce1847b913a": {
      "x": 1564.813464868324,
      "y": 459.49951225491986
    },
    "cae0904d-9a30-4df8-9f76-09e6459ed447": {
      "x": 1644.4667599192217,
      "y": 460.84617851878386
    },
    "6a467d2a-dac0-41e1-88da-10afb4bbf628": {
      "x": 1719.4499193989568,
      "y": 462.9720372202005
    },
    "61d8d33e-c1d2-4e2d-bc6c-d7cf65397d71": {
      "x": 1791.00843988157,
      "y": 463.00421248725553
    },
    "415b6367-0e0e-404d-94d1-7a95a49365c2": {
      "x": 1867.6233147786938,
      "y": 465.4966015918686
    },
    "b6e7e5a1-81fc-4c6b-8013-4ad5956b2404": {
      "x": 1941.5965430949225,
      "y": 468.81631127874766
    },
    "f758c5bb-474f-49ec-9588-f075a9e920e7": {
      "x": 2017.4298437829098,
      "y": 471.22443978694366
    },
    "4386e33a-a3a4-41b8-b72e-2f2b9ad09c0c": {
      "x": 2110.1786213169503,
      "y": 469.56084036149247
    },
    "5a122647-9f8d-40fe-90d9-40c18903466f": {
      "x": 2183.3745913166795,
      "y": 471.3773054822249
    },
    "c0cdbbed-0223-4679-a7af-bb704ceb10a6": {
      "x": 2318.128946774977,
      "y": 480.7796148163721
    },
    "f89c6592-0bbd-460b-8100-4d78731b814e": {
      "x": 1374.3078844028587,
      "y": 629.1461549122829
    },
    "d1263d3a-c6a6-4084-8909-e522c3face31": {
      "x": 1490.4098780063116,
      "y": 628.2647221126772
    },
    "0dd955d6-b0de-4b32-8de3-1f157658b46f": {
      "x": 1565.5429860823403,
      "y": 627.1761279536246
    },
    "2d0e4d30-da2a-4fd4-bc40-fba257fbd70c": {
      "x": 1754.479603880503,
      "y": 641.3598955946676
    },
    "702c395b-189f-4f6f-935a-61fe85e2ee42": {
      "x": 1870.5799114693373,
      "y": 640.7405613984771
    },
    "07c679a6-97c2-4257-82f9-b944afdedc77": {
      "x": 2012.9064390653218,
      "y": 644.8512989313947
    },
    "a2aff47d-8114-4cf5-a4ff-152a81d5b8d6": {
      "x": 2105.6919549430954,
      "y": 649.0703868480241
    },
    "a5dd45e6-1d01-4d85-85d0-4a10ab1f6ab9": {
      "x": 2315.5726847145625,
      "y": 658.4161559852713
    }
  },
  "filter": {
    "typeIds": [
      "65549ed7-0dc4-4577-8431-b17d3d571911",
      "org",
      "person"
    ],
    "searchQuery": ""
  }
}