{
  "version": 1,
  "zoom": 0.7047767890993922,
  "pan": {
    "x": -585.9614769316904,
    "y": 242.2271692302559
  },
  "nodes": {
    "acme-corp": {
      "x": 678.9465045527363,
      "y": 12.182006213603259
    },
    "engineering": {
      "x": 545.8570485810918,
      "y": 99.92349643319697
    },
    "product": {
      "x": 677.1381451292235,
      "y": 96.5173779529861
    },
    "research": {
      "x": 796.895793454004,
      "y": 101.06652757235625
    },
    "backend-team": {
      "x": 496.774141137708,
      "y": 189.2576809433222
    },
    "frontend-team": {
      "x": 590.1184694572926,
      "y": 188.38193573943133
    },
    "alice": {
      "x": 348.68007576222465,
      "y": 101.9101372273386
    },
    "bob": {
      "x": 499.2758922222171,
      "y": 292.19893981788744
    },
    "carol": {
      "x": 677.0215593430574,
      "y": 291.9115904127357
    },
    "dave": {
      "x": 589.5224152788716,
      "y": 293.1349930896643
    },
    "project-atlas": {
      "x": 351.6420507750024,
      "y": 292.095266201839
    },
    "project-beacon": {
      "x": 632.1072740105302,
      "y": 377.9405584407615
    },
    "kickoff-2024": {
      "x": 284.27516047152085,
      "y": 366.5065482717059
    },
    "release-v3": {
      "x": 395.27813901674085,
      "y": 362.05016557830277
    },
    "6e6cf2ec-8937-4339-866e-a2a895f9a9eb": {
      "x": 1457.7567493496497,
      "y": -45.617147016559194
    },
    "a9378f20-f096-4f3a-ad1c-79dd8cd44245": {
      "x": 1518.1815851942656,
      "y": -44.52124044245978
    },
    "7741b233-c723-44e0-b7dc-285962e2a21b": {
      "x": 1575.7548879198994,
      "y": -44.97517853538548
    },
    "28f6da33-1f02-44d0-a1d2-ba544b08e84a": {
      "x": 1627.8209843684454,
      "y": -45.68606025576365
    },
    "d9f9f1fc-8818-4e7f-be08-7db4ba55c9af": {
      "x": 1683.9125744913435,
      "y": -46.53398727963589
    },
    "abcde33b-69ac-49e8-b564-a245844bf6ba": {
      "x": 1742.9076406577335,
      "y": -46.33699281416262
    },
    "35ecbc3c-87ea-460f-8154-15a9eebd27e9": {
      "x": 1807.5897605871487,
      "y": -45.172173000858756
    },
    "b709ca03-aba6-4e4b-b620-bcfa0d038a95": {
      "x": 1875.3295488430856,
      "y": -43.87030788406081
    },
    "cf55c3a0-7b5c-4707-9604-cdd90ce2c7c3": {
      "x": 1937.9989219353247,
      "y": -43.67331341858754
    },
    "f582f8c7-d401-4939-8c87-9b022979b64f": {
      "x": 1996.0861119158633,
      "y": -41.797611884905514
    },
    "ad7816f2-6b8c-4e4a-9103-f902d86cc525": {
      "x": 2055.68603662189,
      "y": -44.053340222559115
    },
    "cb17d1d5-6559-4975-819b-f49cba0f2db8": {
      "x": 2114.8601214564565,
      "y": -43.57139089192558
    },
    "07bb2ed4-9ff8-447c-a091-13c10db1ae7d": {
      "x": 2174.3122235845753,
      "y": -43.0753924505592
    },
    "0a6e7e71-5987-449c-ad26-f3260d93100e": {
      "x": 1458.972377582867,
      "y": 32.682790379565745
    },
    "fbd574a7-e835-4121-ac1d-47b050ac2d02": {
      "x": 1519.316124522028,
      "y": 33.73409507918301
    },
    "cd652924-6c9c-4fc3-8195-c1471ef65825": {
      "x": 1575.3434664985023,
      "y": 31.885176521354694
    },
    "84060d2f-05e3-4b58-b634-9e474a95517b": {
      "x": 1627.8431828489393,
      "y": 30.87342121813466
    },
    "feaefc4d-62ea-4c63-b5f1-974534c03c6b": {
      "x": 1684.2185403624167,
      "y": 31.852010335229227
    },
    "80d0acb1-c11e-4d7c-a2e6-10cfac8733e4": {
      "x": 1742.6901648521311,
      "y": 30.246059636816735
    },
    "0cc6579b-af82-4084-8c68-463719efd4ba": {
      "x": 1806.285729669977,
      "y": 29.328588241920897
    },
    "6a965a16-484c-4245-9928-0294e73ba3f4": {
      "x": 1873.0181023944124,
      "y": 29.328588241920894
    },
    "0cd42b43-d04f-41c7-afa2-63e9d66c62a9": {
      "x": 1936.5193833039339,
      "y": 30.26963061389779
    },
    "af753653-ea8d-4035-a73f-c78e2172a716": {
      "x": 1997.1503951433629,
      "y": 33.13989968399055
    },
    "8a60ec6e-0c84-42cd-83a9-55c1c2bcf5b8": {
      "x": 2055.8513378258535,
      "y": 33.79083224238952
    },
    "6382d234-b257-4429-9308-02304e54600c": {
      "x": 2116.546624957918,
      "y": 34.04643347801807
    },
    "d0c06cba-0895-418c-a30a-6c3db8161719": {
      "x": 2176.253841893814,
      "y": 33.81564512238634
    },
    "e92bd147-8ebc-48c7-b867-d838db25c3ef": {
      "x": 1808.3811865304885,
      "y": 139.28079727242175
    },
    "661b896e-c852-462d-beee-7643a9147543": {
      "x": 2081.872198383585,
      "y": 158.71622684760277
    },
    "979ea3f0-26b4-45ee-982e-60741b323359": {
      "x": 1377.0780109138104,
      "y": 248.08508441077484
    },
    "6111949c-2d28-4bed-8fb7-490477a2500b": {
      "x": 1730.3964955600486,
      "y": 263.95364346156595
    },
    "5aaae21f-5c4d-4e83-b08e-9f45d8350c91": {
      "x": 2142.3404404975017,
      "y": 286.7379911604109
    },
    "389debfe-7989-4887-b17c-f2f44606cb78": {
      "x": 2320.2596219169864,
      "y": 258.6763968990868
    },
    "a0014ae4-9d21-4f85-a144-4856af240c2a": {
      "x": 1375.5679356907112,
      "y": 435.65854629038495
    },
    "25a44db0-416e-440c-98d3-a0de3ee2cfeb": {
      "x": 1488.494323769652,
      "y": 393.99544958938736
    },
    "2fb6ddca-e18d-4a1e-ab38-3ce1847b913a": {
      "x": 1561.3822098240028,
      "y": 394.30566641281587
    },
    "cae0904d-9a30-4df8-9f76-09e6459ed447": {
      "x": 1641.8933186359807,
      "y": 393.93670515451925
    },
    "6a467d2a-dac0-41e1-88da-10afb4bbf628": {
      "x": 1718.5921056378766,
      "y": 396.92037761701624
    },
    "61d8d33e-c1d2-4e2d-bc6c-d7cf65397d71": {
      "x": 1792.7240674037307,
      "y": 400.3838079283925
    },
    "415b6367-0e0e-404d-94d1-7a95a49365c2": {
      "x": 1865.0498734954529,
      "y": 402.8761970330056
    },
    "b6e7e5a1-81fc-4c6b-8013-4ad5956b2404": {
      "x": 1939.0231018116815,
      "y": 406.19590671988465
    },
    "f758c5bb-474f-49ec-9588-f075a9e920e7": {
      "x": 2008.8517061721066,
      "y": 411.1774765113216
    },
    "4386e33a-a3a4-41b8-b72e-2f2b9ad09c0c": {
      "x": 2108.2832552399195,
      "y": 414.5952241276048
    },
    "5a122647-9f8d-40fe-90d9-40c18903466f": {
      "x": 2181.4792252396487,
      "y": 412.6209570942761
    },
    "c0cdbbed-0223-4679-a7af-bb704ceb10a6": {
      "x": 2320.024312852008,
      "y": 411.91464735092666
    },
    "f89c6592-0bbd-460b-8100-4d78731b814e": {
      "x": 1374.3078844028587,
      "y": 629.1461549122829
    },
    "d1263d3a-c6a6-4084-8909-e522c3face31": {
      "x": 1490.4098780063116,
      "y": 628.2647221126772
    },
    "0dd955d6-b0de-4b32-8de3-1f157658b46f": {
      "x": 1565.5429860823403,
      "y": 627.1761279536246
    },
    "2d0e4d30-da2a-4fd4-bc40-fba257fbd70c": {
      "x": 1754.479603880503,
      "y": 641.3598955946676
    },
    "702c395b-189f-4f6f-935a-61fe85e2ee42": {
      "x": 1870.5799114693373,
      "y": 640.7405613984771
    },
    "07c679a6-97c2-4257-82f9-b944afdedc77": {
      "x": 2012.9064390653218,
      "y": 644.8512989313947
    },
    "a2aff47d-8114-4cf5-a4ff-152a81d5b8d6": {
      "x": 2105.6919549430954,
      "y": 649.0703868480241
    },
    "a5dd45e6-1d01-4d85-85d0-4a10ab1f6ab9": {
      "x": 2315.5726847145625,
      "y": 658.4161559852713
    }
  },
  "filter": {
    "typeIds": [
      "65549ed7-0dc4-4577-8431-b17d3d571911",
      "org",
      "dept"
    ],
    "searchQuery": ""
  }
}